<?xml version="1.0" encoding="UTF-8"?>
<project-private xmlns="http://www.netbeans.org/ns/project-private/1">
    <editor-bookmarks xmlns="http://www.netbeans.org/ns/editor-bookmarks/2" lastBookmarkId="2">
        <file>
            <url>src/br/edu/ifal/Loja/InterfaceGrafica/ConsultaFornecedor.java</url>
            <bookmark id="2">
                <name/>
                <line>219</line>
                <key/>
            </bookmark>
        </file>
        <file>
            <url>src/br/edu/ifal/Loja/BEANS/FornecedorBEAN.java</url>
            <bookmark id="1">
                <name/>
                <line>0</line>
                <key/>
            </bookmark>
        </file>
    </editor-bookmarks>
    <open-files xmlns="http://www.netbeans.org/ns/projectui-open-files/2">
        <group>
            <file>file:/D:/Pendrive/costurarte/Consturarte/src/br/edu/ifal/Loja/InterfaceGrafica/ConsultaCarrinho.java</file>
            <file>file:/D:/Pendrive/costurarte/Consturarte/src/br/edu/ifal/Loja/InterfaceGrafica/Compra.java</file>
            <file>file:/D:/Pendrive/costurarte/Consturarte/src/br/edu/ifal/Loja/InterfaceGrafica/ConsultaCompras.java</file>
            <file>file:/D:/Pendrive/costurarte/Consturarte/src/br/edu/ifal/Loja/InterfaceGrafica/FinalizaçãoCompra.java</file>
        </group>
    </open-files>
</project-private>
